,0,1,2,3,4
0,ABRD,GAZP,2017-07-07,-0.1731,-1.1904
1,ABRD,GMKN,2017-07-07,0.2443,1.1812
2,ABRD,IDVP,2017-07-07,0.007,0.0313
3,ABRD,LKOH,2017-07-07,-0.1088,-0.5145
4,ABRD,MICEXINDEXCF,2017-07-07,-0.107,-0.9641
5,ABRD,PHOR,2017-07-07,0.165,0.9681
6,ABRD,RTSCH,2017-07-07,-0.0261,-0.2232
7,ABRD,RTSEU,2017-07-07,0.0029,0.017
8,ABRD,RTSI,2017-07-07,-0.1739,-1.311
9,ABRD,RTSMM,2017-07-07,-0.0712,-0.4816
10,ABRD,RTSSTD,2017-07-07,-0.111,-0.9213
11,ABRD,RTSTN,2017-07-07,0.1076,0.391
12,ABRD,SBER,2017-07-07,-0.1306,-0.5657
13,AFKS,GAZP,2017-07-07,0.254,0.9438
14,AFKS,GMKN,2017-07-07,-0.1006,-0.2628
15,AFKS,IDVP,2017-07-07,0.4534,1.0936
16,AFKS,LKOH,2017-07-07,0.3166,0.8085
17,AFKS,MICEXINDEXCF,2017-07-07,0.2954,1.4386
18,AFKS,PHOR,2017-07-07,0.181,0.5738
19,AFKS,RTSCH,2017-07-07,0.1546,0.7145
20,AFKS,RTSEU,2017-07-07,0.0866,0.2739
21,AFKS,RTSI,2017-07-07,0.1677,0.6831
22,AFKS,RTSMM,2017-07-07,-0.0347,-0.1269
23,AFKS,RTSSTD,2017-07-07,0.2591,1.1618
24,AFKS,RTSTN,2017-07-07,-0.053,-0.1039
25,AFKS,SBER,2017-07-07,0.2236,0.5235
26,AFLT,GAZP,2017-07-07,0.1507,0.3289
27,AFLT,GMKN,2017-07-07,0.0691,0.106
28,AFLT,IDVP,2017-07-07,-0.2156,-0.3056
29,AFLT,LKOH,2017-07-07,0.366,0.5493
30,AFLT,MICEXINDEXCF,2017-07-07,0.3368,0.9635
31,AFLT,PHOR,2017-07-07,0.1371,0.2553
32,AFLT,RTSCH,2017-07-07,-0.0534,-0.1451
33,AFLT,RTSEU,2017-07-07,0.0648,0.1204
34,AFLT,RTSI,2017-07-07,0.2524,0.6041
35,AFLT,RTSMM,2017-07-07,0.0202,0.0433
36,AFLT,RTSSTD,2017-07-07,0.3066,0.8078
37,AFLT,RTSTN,2017-07-07,0.9106,1.0501
38,AFLT,SBER,2017-07-07,0.2027,0.2788
39,AGRO,GAZP,2017-07-07,0.3254,0.5724
40,AGRO,GMKN,2017-07-07,0.2781,0.344
41,AGRO,IDVP,2017-07-07,0.2071,0.2365
42,AGRO,LKOH,2017-07-07,0.4105,0.4963
43,AGRO,MICEXINDEXCF,2017-07-07,0.5143,1.1856
44,AGRO,PHOR,2017-07-07,0.2631,0.3947
45,AGRO,RTSCH,2017-07-07,0.0264,0.0578
46,AGRO,RTSEU,2017-07-07,-0.1099,-0.1644
47,AGRO,RTSI,2017-07-07,0.2231,0.4303
48,AGRO,RTSMM,2017-07-07,-0.1114,-0.1927
49,AGRO,RTSSTD,2017-07-07,0.5207,1.1056
50,AGRO,RTSTN,2017-07-07,0.2673,0.2484
51,AGRO,SBER,2017-07-07,0.539,0.5972
52,AKRN,GAZP,2017-07-07,0.1396,0.1784
53,AKRN,GMKN,2017-07-07,0.4666,0.4192
54,AKRN,IDVP,2017-07-07,-0.078,-0.0647
55,AKRN,LKOH,2017-07-07,0.2224,0.1953
56,AKRN,MICEXINDEXCF,2017-07-07,0.3794,0.6353
57,AKRN,PHOR,2017-07-07,0.3679,0.4009
58,AKRN,RTSCH,2017-07-07,0.6541,1.0398
59,AKRN,RTSEU,2017-07-07,0.2571,0.2795
60,AKRN,RTSI,2017-07-07,0.2942,0.4121
61,AKRN,RTSMM,2017-07-07,0.2301,0.2892
62,AKRN,RTSSTD,2017-07-07,0.3597,0.5546
63,AKRN,RTSTN,2017-07-07,0.0696,0.047
64,AKRN,SBER,2017-07-07,0.3156,0.254
65,ALBK,GAZP,2017-07-07,-0.1529,-2.5235
66,ALBK,GMKN,2017-07-07,-0.0007,-0.0079
67,ALBK,IDVP,2017-07-07,-0.0055,-0.0588
68,ALBK,LKOH,2017-07-07,-0.0297,-0.3368
69,ALBK,MICEXINDEXCF,2017-07-07,-0.1281,-2.771
70,ALBK,PHOR,2017-07-07,-0.2462,-3.4671
71,ALBK,RTSCH,2017-07-07,-0.117,-2.403
72,ALBK,RTSEU,2017-07-07,0.2093,2.9399
73,ALBK,RTSI,2017-07-07,0.0734,1.3291
74,ALBK,RTSMM,2017-07-07,0.0689,1.119
75,ALBK,RTSSTD,2017-07-07,-0.1046,-2.0838
76,ALBK,RTSTN,2017-07-07,0.0092,0.0798
77,ALBK,SBER,2017-07-07,-0.0199,-0.2065
78,ALNU,GAZP,2017-07-07,0.1384,0.451
79,ALNU,GMKN,2017-07-07,-0.3246,-0.7438
80,ALNU,IDVP,2017-07-07,0.4934,1.0437
81,ALNU,LKOH,2017-07-07,-0.0941,-0.2108
82,ALNU,MICEXINDEXCF,2017-07-07,-0.1116,-0.4766
83,ALNU,PHOR,2017-07-07,0.301,0.8366
84,ALNU,RTSCH,2017-07-07,-0.2959,-1.1996
85,ALNU,RTSEU,2017-07-07,-0.1298,-0.36
86,ALNU,RTSI,2017-07-07,-0.2438,-0.8711
87,ALNU,RTSMM,2017-07-07,-0.3175,-1.0176
88,ALNU,RTSSTD,2017-07-07,-0.1112,-0.4372
89,ALNU,RTSTN,2017-07-07,-0.2332,-0.4015
90,ALNU,SBER,2017-07-07,0.0511,0.1048
91,ALRS,GAZP,2017-07-07,0.5899,0.8338
92,ALRS,GMKN,2017-07-07,0.2041,0.2029
93,ALRS,IDVP,2017-07-07,0.0972,0.0892
94,ALRS,LKOH,2017-07-07,0.148,0.1438
95,ALRS,MICEXINDEXCF,2017-07-07,0.5439,1.0075
96,ALRS,PHOR,2017-07-07,0.2369,0.2856
97,ALRS,RTSCH,2017-07-07,0.4683,0.8236
98,ALRS,RTSEU,2017-07-07,0.1413,0.1699
99,ALRS,RTSI,2017-07-07,0.4203,0.6515
100,ALRS,RTSMM,2017-07-07,0.5937,0.8254
101,ALRS,RTSSTD,2017-07-07,0.5187,0.8849
102,ALRS,RTSTN,2017-07-07,-0.1191,-0.0889
103,ALRS,SBER,2017-07-07,0.5502,0.4899
104,AMEZ,GAZP,2017-07-07,0.3844,0.6357
105,AMEZ,GMKN,2017-07-07,-0.1781,-0.2072
106,AMEZ,IDVP,2017-07-07,0.187,0.2008
107,AMEZ,LKOH,2017-07-07,0.2391,0.2718
108,AMEZ,MICEXINDEXCF,2017-07-07,0.2566,0.5561
109,AMEZ,PHOR,2017-07-07,0.057,0.0804
110,AMEZ,RTSCH,2017-07-07,0.0779,0.1604
111,AMEZ,RTSEU,2017-07-07,0.2602,0.3661
112,AMEZ,RTSI,2017-07-07,0.2004,0.3635
113,AMEZ,RTSMM,2017-07-07,0.0256,0.0416
114,AMEZ,RTSSTD,2017-07-07,0.2604,0.5198
115,AMEZ,RTSTN,2017-07-07,-0.0478,-0.0418
116,AMEZ,SBER,2017-07-07,0.2291,0.2387
117,APTK,GAZP,2017-07-07,-0.1046,-0.3827
118,APTK,GMKN,2017-07-07,0.0728,0.1873
119,APTK,IDVP,2017-07-07,-0.0297,-0.0706
120,APTK,LKOH,2017-07-07,0.054,0.1357
121,APTK,MICEXINDEXCF,2017-07-07,-0.015,-0.0721
122,APTK,PHOR,2017-07-07,-0.061,-0.1905
123,APTK,RTSCH,2017-07-07,0.2745,1.2501
124,APTK,RTSEU,2017-07-07,0.4063,1.2654
125,APTK,RTSI,2017-07-07,0.1166,0.4679
126,APTK,RTSMM,2017-07-07,0.0392,0.141
127,APTK,RTSSTD,2017-07-07,-0.0206,-0.091
128,APTK,RTSTN,2017-07-07,-0.1832,-0.3543
129,APTK,SBER,2017-07-07,-0.1995,-0.4599
130,AQUA,GAZP,2017-07-07,-0.2675,-1.1532
131,AQUA,GMKN,2017-07-07,0.0203,0.0616
132,AQUA,IDVP,2017-07-07,-0.1274,-0.3566
133,AQUA,LKOH,2017-07-07,-0.0181,-0.0535
134,AQUA,MICEXINDEXCF,2017-07-07,-0.0717,-0.4053
135,AQUA,PHOR,2017-07-07,-0.2995,-1.1014
136,AQUA,RTSCH,2017-07-07,0.0296,0.159
137,AQUA,RTSEU,2017-07-07,0.0842,0.309
138,AQUA,RTSI,2017-07-07,0.0236,0.1114
139,AQUA,RTSMM,2017-07-07,0.0813,0.3447
140,AQUA,RTSSTD,2017-07-07,-0.0632,-0.3291
141,AQUA,RTSTN,2017-07-07,-0.1097,-0.2497
142,AQUA,SBER,2017-07-07,-0.0676,-0.1835
143,ARMD,GAZP,2017-07-07,-0.2029,-2.1859
144,ARMD,GMKN,2017-07-07,0.2348,1.779
145,ARMD,IDVP,2017-07-07,0.0831,0.5813
146,ARMD,LKOH,2017-07-07,0.2832,2.0973
147,ARMD,MICEXINDEXCF,2017-07-07,0.0914,1.2904
148,ARMD,PHOR,2017-07-07,-0.0579,-0.5324
149,ARMD,RTSCH,2017-07-07,-0.2291,-3.0709
150,ARMD,RTSEU,2017-07-07,-0.396,-3.6311
151,ARMD,RTSI,2017-07-07,-0.0468,-0.5525
152,ARMD,RTSMM,2017-07-07,-0.308,-3.2647
153,ARMD,RTSSTD,2017-07-07,0.1108,1.4411
154,ARMD,RTSTN,2017-07-07,0.1329,0.7563
155,ARMD,SBER,2017-07-07,0.0692,0.4701
156,ARSA,GAZP,2017-07-07,-0.2484,-0.6362
157,ARSA,GMKN,2017-07-07,-0.1688,-0.304
158,ARSA,IDVP,2017-07-07,-0.2939,-0.4887
159,ARSA,LKOH,2017-07-07,0.1461,0.2573
160,ARSA,MICEXINDEXCF,2017-07-07,-0.1553,-0.5213
161,ARSA,PHOR,2017-07-07,0.0675,0.1475
162,ARSA,RTSCH,2017-07-07,-0.2975,-0.9481
163,ARSA,RTSEU,2017-07-07,0.0,0.0
164,ARSA,RTSI,2017-07-07,-0.1579,-0.4434
165,ARSA,RTSMM,2017-07-07,-0.3968,-0.9998
166,ARSA,RTSSTD,2017-07-07,-0.168,-0.5193
167,ARSA,RTSTN,2017-07-07,0.2894,0.3916
168,ARSA,SBER,2017-07-07,-0.2967,-0.4787
169,ASSB,GAZP,2017-07-07,-0.1576,-0.3376
170,ASSB,GMKN,2017-07-07,-0.0457,-0.0688
171,ASSB,IDVP,2017-07-07,-0.2017,-0.2805
172,ASSB,LKOH,2017-07-07,-0.0409,-0.0602
173,ASSB,MICEXINDEXCF,2017-07-07,-0.1355,-0.3804
174,ASSB,PHOR,2017-07-07,0.0926,0.1692
175,ASSB,RTSCH,2017-07-07,0.554,1.4764
176,ASSB,RTSEU,2017-07-07,0.3469,0.6322
177,ASSB,RTSI,2017-07-07,0.0802,0.1883
178,ASSB,RTSMM,2017-07-07,0.0618,0.1303
179,ASSB,RTSSTD,2017-07-07,-0.1579,-0.4083
180,ASSB,RTSTN,2017-07-07,-0.0548,-0.062
181,ASSB,SBER,2017-07-07,-0.25,-0.3373
182,AVAN,GAZP,2017-07-07,-0.0236,-0.1469
183,AVAN,GMKN,2017-07-07,0.0029,0.0127
184,AVAN,IDVP,2017-07-07,-0.176,-0.7101
185,AVAN,LKOH,2017-07-07,0.0954,0.4077
186,AVAN,MICEXINDEXCF,2017-07-07,0.1159,0.9447
187,AVAN,PHOR,2017-07-07,-0.2122,-1.1251
188,AVAN,RTSCH,2017-07-07,0.2126,1.6448
189,AVAN,RTSEU,2017-07-07,0.2607,1.3793
190,AVAN,RTSI,2017-07-07,0.3065,2.0894
191,AVAN,RTSMM,2017-07-07,0.2403,1.4697
192,AVAN,RTSSTD,2017-07-07,0.1275,0.9567
193,AVAN,RTSTN,2017-07-07,0.1317,0.4324
194,AVAN,SBER,2017-07-07,0.18,0.7048
195,AVAZ,GAZP,2017-07-07,0.1015,0.116
196,AVAZ,GMKN,2017-07-07,0.4248,0.3416
197,AVAZ,IDVP,2017-07-07,-0.0422,-0.0313
198,AVAZ,LKOH,2017-07-07,0.3555,0.2794
199,AVAZ,MICEXINDEXCF,2017-07-07,0.2501,0.3748
200,AVAZ,PHOR,2017-07-07,-0.0194,-0.019
201,AVAZ,RTSCH,2017-07-07,0.2861,0.4071
202,AVAZ,RTSEU,2017-07-07,0.1329,0.1293
203,AVAZ,RTSI,2017-07-07,0.2623,0.3289
204,AVAZ,RTSMM,2017-07-07,0.3284,0.3694
205,AVAZ,RTSSTD,2017-07-07,0.2577,0.3557
206,AVAZ,RTSTN,2017-07-07,-0.0784,-0.0474
207,AVAZ,SBER,2017-07-07,-0.0234,-0.0169
208,AVAZP,GAZP,2017-07-07,0.2645,0.7042
209,AVAZP,GMKN,2017-07-07,0.112,0.2098
210,AVAZP,IDVP,2017-07-07,-0.0425,-0.0735
211,AVAZP,LKOH,2017-07-07,0.1571,0.2875
212,AVAZP,MICEXINDEXCF,2017-07-07,0.1647,0.5746
213,AVAZP,PHOR,2017-07-07,-0.0777,-0.1765
214,AVAZP,RTSCH,2017-07-07,-0.0522,-0.1729
215,AVAZP,RTSEU,2017-07-07,-0.0782,-0.1771
216,AVAZP,RTSI,2017-07-07,0.1,0.2918
217,AVAZP,RTSMM,2017-07-07,0.2015,0.5276
218,AVAZP,RTSSTD,2017-07-07,0.1762,0.5661
219,AVAZP,RTSTN,2017-07-07,-0.019,-0.0267
220,AVAZP,SBER,2017-07-07,-0.0631,-0.1058
221,BANE,GAZP,2017-07-07,0.2317,0.7608
222,BANE,GMKN,2017-07-07,0.3295,0.7607
223,BANE,IDVP,2017-07-07,-0.2262,-0.4821
224,BANE,LKOH,2017-07-07,-0.0933,-0.2105
225,BANE,MICEXINDEXCF,2017-07-07,0.0999,0.4297
226,BANE,PHOR,2017-07-07,0.3392,0.9499
227,BANE,RTSCH,2017-07-07,0.5698,2.3275
228,BANE,RTSEU,2017-07-07,0.2294,0.6407
229,BANE,RTSI,2017-07-07,0.1794,0.6457
230,BANE,RTSMM,2017-07-07,0.2552,0.8242
231,BANE,RTSSTD,2017-07-07,0.0829,0.3285
232,BANE,RTSTN,2017-07-07,-0.1112,-0.1929
233,BANE,SBER,2017-07-07,0.0882,0.1825
234,BANEP,GAZP,2017-07-07,0.1174,0.2977
235,BANEP,GMKN,2017-07-07,0.023,0.0409
236,BANEP,IDVP,2017-07-07,-0.0454,-0.0746
237,BANEP,LKOH,2017-07-07,0.1306,0.2276
238,BANEP,MICEXINDEXCF,2017-07-07,0.126,0.4185
239,BANEP,PHOR,2017-07-07,0.3106,0.6717
240,BANEP,RTSCH,2017-07-07,0.112,0.3534
241,BANEP,RTSEU,2017-07-07,0.0887,0.1914
242,BANEP,RTSI,2017-07-07,-0.0949,-0.2639
243,BANEP,RTSMM,2017-07-07,0.0272,0.0679
244,BANEP,RTSSTD,2017-07-07,0.0806,0.2468
245,BANEP,RTSTN,2017-07-07,-0.1956,-0.262
246,BANEP,SBER,2017-07-07,-0.1381,-0.2205
247,BISV,GAZP,2017-07-07,,0.0
248,BISV,GMKN,2017-07-07,,0.0
249,BISV,IDVP,2017-07-07,,0.0
250,BISV,LKOH,2017-07-07,,0.0
251,BISV,MICEXINDEXCF,2017-07-07,,0.0
252,BISV,PHOR,2017-07-07,,0.0
253,BISV,RTSCH,2017-07-07,,0.0
254,BISV,RTSEU,2017-07-07,,0.0
255,BISV,RTSI,2017-07-07,,0.0
256,BISV,RTSMM,2017-07-07,,0.0
257,BISV,RTSSTD,2017-07-07,,0.0
258,BISV,RTSTN,2017-07-07,,0.0
259,BISV,SBER,2017-07-07,,0.0
260,BISVP,GAZP,2017-07-07,-0.1818,-0.3034
261,BISVP,GMKN,2017-07-07,0.1138,0.1336
262,BISVP,IDVP,2017-07-07,0.0316,0.0342
263,BISVP,LKOH,2017-07-07,0.003,0.0034
264,BISVP,MICEXINDEXCF,2017-07-07,0.1242,0.2717
265,BISVP,PHOR,2017-07-07,-0.1396,-0.1988
266,BISVP,RTSCH,2017-07-07,0.1626,0.3377
267,BISVP,RTSEU,2017-07-07,0.1122,0.1594
268,BISVP,RTSI,2017-07-07,0.0706,0.1292
269,BISVP,RTSMM,2017-07-07,0.0633,0.1039
270,BISVP,RTSSTD,2017-07-07,0.1147,0.2311
271,BISVP,RTSTN,2017-07-07,0.1735,0.153
272,BISVP,SBER,2017-07-07,0.1867,0.1964
273,BLNG,GAZP,2017-07-07,0.0849,0.2368
274,BLNG,GMKN,2017-07-07,0.1198,0.2351
275,BLNG,IDVP,2017-07-07,-0.1476,-0.2673
276,BLNG,LKOH,2017-07-07,0.2353,0.4512
277,BLNG,MICEXINDEXCF,2017-07-07,0.1021,0.3735
278,BLNG,PHOR,2017-07-07,0.1335,0.3179
279,BLNG,RTSCH,2017-07-07,0.168,0.5833
280,BLNG,RTSEU,2017-07-07,0.3092,0.7342
281,BLNG,RTSI,2017-07-07,0.2527,0.7731
282,BLNG,RTSMM,2017-07-07,0.1993,0.547
283,BLNG,RTSSTD,2017-07-07,0.0848,0.2855
284,BLNG,RTSTN,2017-07-07,0.3952,0.5825
285,BLNG,SBER,2017-07-07,0.0285,0.0501
286,BRZL,GAZP,2017-07-07,-0.259,-0.5631
287,BRZL,GMKN,2017-07-07,-0.2085,-0.3188
288,BRZL,IDVP,2017-07-07,0.1559,0.22
289,BRZL,LKOH,2017-07-07,0.0407,0.0608
290,BRZL,MICEXINDEXCF,2017-07-07,-0.2166,-0.6171
291,BRZL,PHOR,2017-07-07,-0.0669,-0.1241
292,BRZL,RTSCH,2017-07-07,0.0636,0.172
293,BRZL,RTSEU,2017-07-07,0.2934,0.5428
294,BRZL,RTSI,2017-07-07,-0.0901,-0.2148
295,BRZL,RTSMM,2017-07-07,-0.1454,-0.3109
296,BRZL,RTSSTD,2017-07-07,-0.2472,-0.6487
297,BRZL,RTSTN,2017-07-07,0.1072,0.1231
298,BRZL,SBER,2017-07-07,-0.2378,-0.3257
299,BSPB,GAZP,2017-07-07,0.1355,0.2526
300,BSPB,GMKN,2017-07-07,0.1681,0.2204
301,BSPB,IDVP,2017-07-07,-0.1194,-0.1445
302,BSPB,LKOH,2017-07-07,-0.0945,-0.121
303,BSPB,MICEXINDEXCF,2017-07-07,0.2153,0.5258
304,BSPB,PHOR,2017-07-07,0.1189,0.189
305,BSPB,RTSCH,2017-07-07,0.3622,0.8398
306,BSPB,RTSEU,2017-07-07,0.2758,0.4374
307,BSPB,RTSI,2017-07-07,0.2859,0.5843
308,BSPB,RTSMM,2017-07-07,0.4413,0.8091
309,BSPB,RTSSTD,2017-07-07,0.1801,0.4052
310,BSPB,RTSTN,2017-07-07,-0.0211,-0.0208
311,BSPB,SBER,2017-07-07,0.3532,0.4147
312,CBOM,GAZP,2017-07-07,0.4204,0.2579
313,CBOM,GMKN,2017-07-07,-0.1627,-0.0702
314,CBOM,IDVP,2017-07-07,0.009,0.0036
315,CBOM,LKOH,2017-07-07,0.3747,0.158
316,CBOM,MICEXINDEXCF,2017-07-07,0.5246,0.4218
317,CBOM,PHOR,2017-07-07,0.2171,0.1136
318,CBOM,RTSCH,2017-07-07,0.1083,0.0827
319,CBOM,RTSEU,2017-07-07,0.0903,0.0472
320,CBOM,RTSI,2017-07-07,0.3338,0.2246
321,CBOM,RTSMM,2017-07-07,0.2549,0.1539
322,CBOM,RTSSTD,2017-07-07,0.5028,0.3724
323,CBOM,RTSTN,2017-07-07,0.2139,0.0693
324,CBOM,SBER,2017-07-07,0.3531,0.1365
325,CHEP,GAZP,2017-07-07,0.3063,0.9509
326,CHEP,GMKN,2017-07-07,-0.0472,-0.103
327,CHEP,IDVP,2017-07-07,0.2642,0.5325
328,CHEP,LKOH,2017-07-07,0.212,0.4524
329,CHEP,MICEXINDEXCF,2017-07-07,0.2239,0.9109
330,CHEP,PHOR,2017-07-07,0.1892,0.501
331,CHEP,RTSCH,2017-07-07,-0.4178,-1.6139
332,CHEP,RTSEU,2017-07-07,-0.1293,-0.3415
333,CHEP,RTSI,2017-07-07,-0.0749,-0.2549
334,CHEP,RTSMM,2017-07-07,-0.1928,-0.5888
335,CHEP,RTSSTD,2017-07-07,0.224,0.8395
336,CHEP,RTSTN,2017-07-07,0.0068,0.0111
337,CHEP,SBER,2017-07-07,0.0218,0.0426
338,CHGZ,GAZP,2017-07-07,0.0166,0.0579
339,CHGZ,GMKN,2017-07-07,-0.0215,-0.0527
340,CHGZ,IDVP,2017-07-07,0.0362,0.082
341,CHGZ,LKOH,2017-07-07,0.0036,0.0087
342,CHGZ,MICEXINDEXCF,2017-07-07,0.0068,0.031
343,CHGZ,PHOR,2017-07-07,-0.1267,-0.3768
344,CHGZ,RTSCH,2017-07-07,-0.1032,-0.4478
345,CHGZ,RTSEU,2017-07-07,-0.1664,-0.4938
346,CHGZ,RTSI,2017-07-07,-0.0444,-0.1698
347,CHGZ,RTSMM,2017-07-07,-0.0774,-0.2657
348,CHGZ,RTSSTD,2017-07-07,0.0452,0.1904
349,CHGZ,RTSTN,2017-07-07,-0.1963,-0.3616
350,CHGZ,SBER,2017-07-07,0.0736,0.1618
351,CHKZ,GAZP,2017-07-07,-0.0103,-0.0272
352,CHKZ,GMKN,2017-07-07,-0.132,-0.2453
353,CHKZ,IDVP,2017-07-07,0.0558,0.0956
354,CHKZ,LKOH,2017-07-07,0.0551,0.1001
355,CHKZ,MICEXINDEXCF,2017-07-07,0.0254,0.0881
356,CHKZ,PHOR,2017-07-07,0.0883,0.1991
357,CHKZ,RTSCH,2017-07-07,-0.1195,-0.3928
358,CHKZ,RTSEU,2017-07-07,-0.2643,-0.5941
359,CHKZ,RTSI,2017-07-07,-0.087,-0.2519
360,CHKZ,RTSMM,2017-07-07,-0.2014,-0.5233
361,CHKZ,RTSSTD,2017-07-07,0.0418,0.1331
362,CHKZ,RTSTN,2017-07-07,0.025,0.0349
363,CHKZ,SBER,2017-07-07,-0.0014,-0.0024
364,CHMF,GAZP,2017-07-07,0.3862,0.7466
365,CHMF,GMKN,2017-07-07,0.1581,0.2149
366,CHMF,IDVP,2017-07-07,-0.0318,-0.0399
367,CHMF,LKOH,2017-07-07,0.111,0.1475
368,CHMF,MICEXINDEXCF,2017-07-07,0.413,1.0464
369,CHMF,PHOR,2017-07-07,0.1145,0.1888
370,CHMF,RTSCH,2017-07-07,0.3802,0.9146
371,CHMF,RTSEU,2017-07-07,0.2569,0.4226
372,CHMF,RTSI,2017-07-07,0.2975,0.6308
373,CHMF,RTSMM,2017-07-07,0.4726,0.8987
374,CHMF,RTSSTD,2017-07-07,0.4061,0.9477
375,CHMF,RTSTN,2017-07-07,-0.0986,-0.1006
376,CHMF,SBER,2017-07-07,0.2833,0.3451
377,CHMK,GAZP,2017-07-07,-0.1388,-0.2515
378,CHMK,GMKN,2017-07-07,0.0726,0.0925
379,CHMK,IDVP,2017-07-07,-0.155,-0.1823
380,CHMK,LKOH,2017-07-07,-0.4432,-0.5517
381,CHMK,MICEXINDEXCF,2017-07-07,-0.1209,-0.287
382,CHMK,PHOR,2017-07-07,-0.0169,-0.0261
383,CHMK,RTSCH,2017-07-07,0.2308,0.5201
384,CHMK,RTSEU,2017-07-07,0.2268,0.3495
385,CHMK,RTSI,2017-07-07,0.0593,0.1177
386,CHMK,RTSMM,2017-07-07,0.1062,0.1893
387,CHMK,RTSSTD,2017-07-07,-0.1437,-0.3142
388,CHMK,RTSTN,2017-07-07,0.1369,0.131
389,CHMK,SBER,2017-07-07,0.1311,0.1496
390,CHZN,GAZP,2017-07-07,0.0903,0.5219
391,CHZN,GMKN,2017-07-07,-0.0881,-0.358
392,CHZN,IDVP,2017-07-07,-0.0568,-0.2131
393,CHZN,LKOH,2017-07-07,0.2154,0.8561
394,CHZN,MICEXINDEXCF,2017-07-07,-0.0016,-0.0121
395,CHZN,PHOR,2017-07-07,-0.1878,-0.9264
396,CHZN,RTSCH,2017-07-07,-0.0348,-0.2504
397,CHZN,RTSEU,2017-07-07,0.3197,1.5729
398,CHZN,RTSI,2017-07-07,0.2764,1.7524
399,CHZN,RTSMM,2017-07-07,0.0316,0.1797
400,CHZN,RTSSTD,2017-07-07,0.0242,0.1687
401,CHZN,RTSTN,2017-07-07,0.1338,0.4087
402,CHZN,SBER,2017-07-07,-0.0405,-0.1476
403,CLSB,GAZP,2017-07-07,0.0939,0.2899
404,CLSB,GMKN,2017-07-07,0.1266,0.2749
405,CLSB,IDVP,2017-07-07,-0.2646,-0.5306
406,CLSB,LKOH,2017-07-07,-0.0197,-0.0418
407,CLSB,MICEXINDEXCF,2017-07-07,0.0392,0.1589
408,CLSB,PHOR,2017-07-07,0.0098,0.0257
409,CLSB,RTSCH,2017-07-07,-0.193,-0.7417
410,CLSB,RTSEU,2017-07-07,-0.0365,-0.0959
411,CLSB,RTSI,2017-07-07,-0.0944,-0.3198
412,CLSB,RTSMM,2017-07-07,-0.2452,-0.745
413,CLSB,RTSSTD,2017-07-07,0.0357,0.1331
414,CLSB,RTSTN,2017-07-07,0.1607,0.2622
415,CLSB,SBER,2017-07-07,0.0083,0.0162
416,CLSBP,GAZP,2017-07-07,-0.0647,-0.3163
417,CLSBP,GMKN,2017-07-07,0.1449,0.4981
418,CLSBP,IDVP,2017-07-07,0.0049,0.0155
419,CLSBP,LKOH,2017-07-07,-0.2038,-0.6849
420,CLSBP,MICEXINDEXCF,2017-07-07,-0.1541,-0.9872
421,CLSBP,PHOR,2017-07-07,-0.1234,-0.5145
422,CLSBP,RTSCH,2017-07-07,-0.2076,-1.2629
423,CLSBP,RTSEU,2017-07-07,-0.1968,-0.8188
424,CLSBP,RTSI,2017-07-07,-0.1808,-0.9696
425,CLSBP,RTSMM,2017-07-07,-0.0005,-0.0022
426,CLSBP,RTSSTD,2017-07-07,-0.1558,-0.9196
427,CLSBP,RTSTN,2017-07-07,-0.0687,-0.1775
428,CLSBP,SBER,2017-07-07,0.0059,0.0182
429,CNTL,GAZP,2017-07-07,-0.3697,-1.2223
430,CNTL,GMKN,2017-07-07,0.0812,0.1887
431,CNTL,IDVP,2017-07-07,0.1675,0.3596
432,CNTL,LKOH,2017-07-07,-0.1467,-0.3333
433,CNTL,MICEXINDEXCF,2017-07-07,-0.1872,-0.8111
434,CNTL,PHOR,2017-07-07,-0.0723,-0.2039
435,CNTL,RTSCH,2017-07-07,0.3097,1.2741
436,CNTL,RTSEU,2017-07-07,0.0474,0.1333
437,CNTL,RTSI,2017-07-07,-0.0559,-0.2026
438,CNTL,RTSMM,2017-07-07,0.0998,0.3246
439,CNTL,RTSSTD,2017-07-07,-0.2078,-0.8293
440,CNTL,RTSTN,2017-07-07,-0.0329,-0.0574
441,CNTL,SBER,2017-07-07,-0.1716,-0.3575
442,CNTLP,GAZP,2017-07-07,0.3298,0.7611
443,CNTLP,GMKN,2017-07-07,0.1052,0.1707
444,CNTLP,IDVP,2017-07-07,0.1231,0.1844
445,CNTLP,LKOH,2017-07-07,0.3613,0.5732
446,CNTLP,MICEXINDEXCF,2017-07-07,0.2094,0.6332
447,CNTLP,PHOR,2017-07-07,0.4514,0.8887
448,CNTLP,RTSCH,2017-07-07,0.2567,0.7371
449,CNTLP,RTSEU,2017-07-07,0.1137,0.2233
450,CNTLP,RTSI,2017-07-07,0.1539,0.3894
451,CNTLP,RTSMM,2017-07-07,0.1556,0.3533
452,CNTLP,RTSSTD,2017-07-07,0.1751,0.4877
453,CNTLP,RTSTN,2017-07-07,0.0072,0.0087
454,CNTLP,SBER,2017-07-07,-0.1302,-0.1894
455,DASB,GAZP,2017-07-07,0.061,0.3334
456,DASB,GMKN,2017-07-07,0.15,0.5768
457,DASB,IDVP,2017-07-07,-0.0572,-0.2028
458,DASB,LKOH,2017-07-07,-0.0872,-0.3278
459,DASB,MICEXINDEXCF,2017-07-07,0.1538,1.1019
460,DASB,PHOR,2017-07-07,0.0178,0.0829
461,DASB,RTSCH,2017-07-07,0.0555,0.3774
462,DASB,RTSEU,2017-07-07,0.1836,0.8542
463,DASB,RTSI,2017-07-07,0.1523,0.9131
464,DASB,RTSMM,2017-07-07,0.0696,0.3743
465,DASB,RTSSTD,2017-07-07,0.1548,1.0215
466,DASB,RTSTN,2017-07-07,0.2354,0.6797
467,DASB,SBER,2017-07-07,0.3467,1.1941
468,DGBZ,GAZP,2017-07-07,0.1886,0.3295
469,DGBZ,GMKN,2017-07-07,0.2233,0.2743
470,DGBZ,IDVP,2017-07-07,-0.0618,-0.0701
471,DGBZ,LKOH,2017-07-07,0.3076,0.3693
472,DGBZ,MICEXINDEXCF,2017-07-07,0.2592,0.5933
473,DGBZ,PHOR,2017-07-07,0.0117,0.0174
474,DGBZ,RTSCH,2017-07-07,0.0356,0.0774
475,DGBZ,RTSEU,2017-07-07,0.245,0.3641
476,DGBZ,RTSI,2017-07-07,0.2583,0.4947
477,DGBZ,RTSMM,2017-07-07,-0.0745,-0.128
478,DGBZ,RTSSTD,2017-07-07,0.2986,0.6294
479,DGBZ,RTSTN,2017-07-07,0.1505,0.1389
480,DGBZ,SBER,2017-07-07,0.1505,0.1656
481,DIOD,GAZP,2017-07-07,0.1098,0.2512
482,DIOD,GMKN,2017-07-07,0.1954,0.3145
483,DIOD,IDVP,2017-07-07,0.1014,0.1506
484,DIOD,LKOH,2017-07-07,0.3337,0.5249
485,DIOD,MICEXINDEXCF,2017-07-07,0.3876,1.1625
486,DIOD,PHOR,2017-07-07,-0.1291,-0.2519
487,DIOD,RTSCH,2017-07-07,-0.0411,-0.117
488,DIOD,RTSEU,2017-07-07,0.0954,0.1858
489,DIOD,RTSI,2017-07-07,0.2552,0.6403
490,DIOD,RTSMM,2017-07-07,0.1829,0.4118
491,DIOD,RTSSTD,2017-07-07,0.3832,1.0586
492,DIOD,RTSTN,2017-07-07,-0.0028,-0.0034
493,DIOD,SBER,2017-07-07,0.2673,0.3854
494,DIXY,GAZP,2017-07-07,0.102,0.1769
495,DIXY,GMKN,2017-07-07,-0.0351,-0.0429
496,DIXY,IDVP,2017-07-07,0.0611,0.0688
497,DIXY,LKOH,2017-07-07,0.0962,0.1147
498,DIXY,MICEXINDEXCF,2017-07-07,0.0959,0.2181
499,DIXY,PHOR,2017-07-07,0.1181,0.1747
500,DIXY,RTSCH,2017-07-07,0.422,0.9106
501,DIXY,RTSEU,2017-07-07,0.2857,0.4216
502,DIXY,RTSI,2017-07-07,0.2662,0.5063
503,DIXY,RTSMM,2017-07-07,0.4019,0.6858
504,DIXY,RTSSTD,2017-07-07,0.0529,0.1108
505,DIXY,RTSTN,2017-07-07,0.0863,0.0791
506,DIXY,SBER,2017-07-07,0.0527,0.0576
507,DSKY,GAZP,2017-07-07,-0.1562,-0.2999
508,DSKY,GMKN,2017-07-07,0.0825,0.1114
509,DSKY,IDVP,2017-07-07,0.136,0.1695
510,DSKY,LKOH,2017-07-07,-0.0066,-0.0087
511,DSKY,MICEXINDEXCF,2017-07-07,-0.1119,-0.2815
512,DSKY,PHOR,2017-07-07,-0.1567,-0.2565
513,DSKY,RTSCH,2017-07-07,-0.24,-0.5732
514,DSKY,RTSEU,2017-07-07,0.157,0.2565
515,DSKY,RTSI,2017-07-07,-0.0336,-0.0708
516,DSKY,RTSMM,2017-07-07,-0.3525,-0.6655
517,DSKY,RTSSTD,2017-07-07,-0.0956,-0.2214
518,DSKY,RTSTN,2017-07-07,0.1901,0.1927
519,DSKY,SBER,2017-07-07,-0.0512,-0.062
520,DVEC,GAZP,2017-07-07,0.392,0.7645
521,DVEC,GMKN,2017-07-07,0.0259,0.0356
522,DVEC,IDVP,2017-07-07,-0.0473,-0.0599
523,DVEC,LKOH,2017-07-07,0.1902,0.2549
524,DVEC,MICEXINDEXCF,2017-07-07,0.2418,0.6179
525,DVEC,PHOR,2017-07-07,0.2556,0.4252
526,DVEC,RTSCH,2017-07-07,0.2346,0.5691
527,DVEC,RTSEU,2017-07-07,0.3329,0.5525
528,DVEC,RTSI,2017-07-07,0.247,0.5282
529,DVEC,RTSMM,2017-07-07,0.0126,0.0242
530,DVEC,RTSSTD,2017-07-07,0.2272,0.5347
531,DVEC,RTSTN,2017-07-07,0.074,0.0763
532,DVEC,SBER,2017-07-07,0.1125,0.1381
533,DZRD,GAZP,2017-07-07,0.0988,0.1327
534,DZRD,GMKN,2017-07-07,0.0853,0.0805
535,DZRD,IDVP,2017-07-07,0.0293,0.0255
536,DZRD,LKOH,2017-07-07,0.1907,0.1761
537,DZRD,MICEXINDEXCF,2017-07-07,0.2419,0.4258
538,DZRD,PHOR,2017-07-07,-0.4079,-0.4673
539,DZRD,RTSCH,2017-07-07,0.2683,0.4485
540,DZRD,RTSEU,2017-07-07,0.2288,0.2615
541,DZRD,RTSI,2017-07-07,0.4312,0.6351
542,DZRD,RTSMM,2017-07-07,0.6034,0.7972
543,DZRD,RTSSTD,2017-07-07,0.2493,0.4042
544,DZRD,RTSTN,2017-07-07,0.113,0.0802
545,DZRD,SBER,2017-07-07,0.2657,0.2248
546,DZRDP,GAZP,2017-07-07,-0.2586,-0.8055
547,DZRDP,GMKN,2017-07-07,-0.279,-0.6113
548,DZRDP,IDVP,2017-07-07,-0.0165,-0.0334
549,DZRDP,LKOH,2017-07-07,-0.2204,-0.4718
550,DZRDP,MICEXINDEXCF,2017-07-07,-0.3031,-1.2375
551,DZRDP,PHOR,2017-07-07,-0.1065,-0.283
552,DZRDP,RTSCH,2017-07-07,-0.0092,-0.0357
553,DZRDP,RTSEU,2017-07-07,-0.1306,-0.3462
554,DZRDP,RTSI,2017-07-07,-0.225,-0.7685
555,DZRDP,RTSMM,2017-07-07,0.1905,0.5837
556,DZRDP,RTSSTD,2017-07-07,-0.3219,-1.2104
557,DZRDP,RTSTN,2017-07-07,-0.318,-0.5233
558,DZRDP,SBER,2017-07-07,-0.2873,-0.5638
559,ELTZ,GAZP,2017-07-07,-0.1789,-0.4279
560,ELTZ,GMKN,2017-07-07,-0.336,-0.5651
561,ELTZ,IDVP,2017-07-07,-0.2303,-0.3575
562,ELTZ,LKOH,2017-07-07,-0.1845,-0.3033
563,ELTZ,MICEXINDEXCF,2017-07-07,-0.1482,-0.4646
564,ELTZ,PHOR,2017-07-07,0.1086,0.2215
565,ELTZ,RTSCH,2017-07-07,0.1397,0.4158
566,ELTZ,RTSEU,2017-07-07,0.0815,0.166
567,ELTZ,RTSI,2017-07-07,-0.0293,-0.0768
568,ELTZ,RTSMM,2017-07-07,0.1566,0.3684
569,ELTZ,RTSSTD,2017-07-07,-0.1827,-0.5276
570,ELTZ,RTSTN,2017-07-07,-0.0358,-0.0452
571,ELTZ,SBER,2017-07-07,-0.1313,-0.1979
572,ENRU,GAZP,2017-07-07,-0.1405,-0.2264
573,ENRU,GMKN,2017-07-07,-0.3282,-0.3721
574,ENRU,IDVP,2017-07-07,-0.2079,-0.2175
575,ENRU,LKOH,2017-07-07,-0.4012,-0.4445
576,ENRU,MICEXINDEXCF,2017-07-07,-0.4219,-0.8912
577,ENRU,PHOR,2017-07-07,0.1176,0.1617
578,ENRU,RTSCH,2017-07-07,-0.219,-0.4392
579,ENRU,RTSEU,2017-07-07,0.0932,0.1278
580,ENRU,RTSI,2017-07-07,-0.3489,-0.6167
581,ENRU,RTSMM,2017-07-07,-0.2117,-0.3356
582,ENRU,RTSSTD,2017-07-07,-0.4396,-0.8554
583,ENRU,RTSTN,2017-07-07,0.0199,0.017
584,ENRU,SBER,2017-07-07,-0.2309,-0.2345
585,EPLN,GAZP,2017-07-07,-0.2315,-0.2123
586,EPLN,GMKN,2017-07-07,-0.2819,-0.1817
587,EPLN,IDVP,2017-07-07,0.0401,0.0238
588,EPLN,LKOH,2017-07-07,0.0754,0.0475
589,EPLN,MICEXINDEXCF,2017-07-07,-0.1136,-0.1365
590,EPLN,PHOR,2017-07-07,-0.1228,-0.0961
591,EPLN,RTSCH,2017-07-07,-0.3532,-0.4029
592,EPLN,RTSEU,2017-07-07,-0.0959,-0.0748
593,EPLN,RTSI,2017-07-07,-0.1745,-0.1754
594,EPLN,RTSMM,2017-07-07,-0.2111,-0.1903
595,EPLN,RTSSTD,2017-07-07,-0.1231,-0.1362
596,EPLN,RTSTN,2017-07-07,0.1247,0.0604
597,EPLN,SBER,2017-07-07,-0.1805,-0.1042
598,FEES,GAZP,2017-07-07,0.4212,0.7489
599,FEES,GMKN,2017-07-07,-0.0188,-0.0235
600,FEES,IDVP,2017-07-07,0.0459,0.053
601,FEES,LKOH,2017-07-07,0.2628,0.3212
602,FEES,MICEXINDEXCF,2017-07-07,0.4417,1.0293
603,FEES,PHOR,2017-07-07,0.055,0.0834
604,FEES,RTSCH,2017-07-07,0.3023,0.6687
605,FEES,RTSEU,2017-07-07,0.5642,0.8537
606,FEES,RTSI,2017-07-07,0.3747,0.7306
607,FEES,RTSMM,2017-07-07,0.2051,0.3587
608,FEES,RTSSTD,2017-07-07,0.3994,0.8572
609,FEES,RTSTN,2017-07-07,0.2045,0.1921
610,FEES,SBER,2017-07-07,0.3375,0.378
611,FESH,GAZP,2017-07-07,0.0519,0.3253
612,FESH,GMKN,2017-07-07,0.0005,0.0023
613,FESH,IDVP,2017-07-07,0.185,0.7521
614,FESH,LKOH,2017-07-07,-0.1658,-0.7139
615,FESH,MICEXINDEXCF,2017-07-07,-0.1604,-1.3162
616,FESH,PHOR,2017-07-07,0.1661,0.8874
617,FESH,RTSCH,2017-07-07,0.1697,1.3225
618,FESH,RTSEU,2017-07-07,-0.0407,-0.2167
619,FESH,RTSI,2017-07-07,0.0112,0.0766
620,FESH,RTSMM,2017-07-07,0.0418,0.2576
621,FESH,RTSSTD,2017-07-07,-0.1609,-1.2163
622,FESH,RTSTN,2017-07-07,-0.0558,-0.1847
623,FESH,SBER,2017-07-07,-0.0948,-0.3739
624,FTRE,GAZP,2017-07-07,0.0167,0.009
625,FTRE,GMKN,2017-07-07,0.0216,0.0082
626,FTRE,IDVP,2017-07-07,-0.54,-0.1892
627,FTRE,LKOH,2017-07-07,-0.1391,-0.0516
628,FTRE,MICEXINDEXCF,2017-07-07,-0.0423,-0.0299
629,FTRE,PHOR,2017-07-07,0.2037,0.0938
630,FTRE,RTSCH,2017-07-07,0.1503,0.101
631,FTRE,RTSEU,2017-07-07,0.1133,0.052
632,FTRE,RTSI,2017-07-07,0.0447,0.0265
633,FTRE,RTSMM,2017-07-07,0.0402,0.0214
634,FTRE,RTSSTD,2017-07-07,-0.0528,-0.0344
635,FTRE,RTSTN,2017-07-07,0.2363,0.0674
636,FTRE,SBER,2017-07-07,-0.0845,-0.0287
637,FXAU,GAZP,2017-07-07,-0.0347,-0.0335
638,FXAU,GMKN,2017-07-07,0.1671,0.1133
639,FXAU,IDVP,2017-07-07,0.3811,0.2385
640,FXAU,LKOH,2017-07-07,0.2635,0.1746
641,FXAU,MICEXINDEXCF,2017-07-07,0.185,0.2337
642,FXAU,PHOR,2017-07-07,-0.0456,-0.0375
643,FXAU,RTSCH,2017-07-07,-0.1998,-0.2396
644,FXAU,RTSEU,2017-07-07,-0.3183,-0.2611
645,FXAU,RTSI,2017-07-07,-0.1666,-0.1761
646,FXAU,RTSMM,2017-07-07,-0.2552,-0.242
647,FXAU,RTSSTD,2017-07-07,0.1865,0.217
648,FXAU,RTSTN,2017-07-07,-0.2752,-0.1402
649,FXAU,SBER,2017-07-07,0.0403,0.0244
650,FXCN,GAZP,2017-07-07,0.0601,0.0919
651,FXCN,GMKN,2017-07-07,0.318,0.3421
652,FXCN,IDVP,2017-07-07,0.0799,0.0794
653,FXCN,LKOH,2017-07-07,0.2554,0.2685
654,FXCN,MICEXINDEXCF,2017-07-07,0.2978,0.597
655,FXCN,PHOR,2017-07-07,0.0066,0.0086
656,FXCN,RTSCH,2017-07-07,-0.2075,-0.3949
657,FXCN,RTSEU,2017-07-07,-0.3514,-0.4574
658,FXCN,RTSI,2017-07-07,-0.0378,-0.0633
659,FXCN,RTSMM,2017-07-07,-0.072,-0.1084
660,FXCN,RTSSTD,2017-07-07,0.3018,0.5571
661,FXCN,RTSTN,2017-07-07,0.067,0.0541
662,FXCN,SBER,2017-07-07,0.1738,0.1675
663,FXDE,GAZP,2017-07-07,0.1189,0.0993
664,FXDE,GMKN,2017-07-07,0.2108,0.1238
665,FXDE,IDVP,2017-07-07,0.3437,0.1864
666,FXDE,LKOH,2017-07-07,0.2139,0.1228
667,FXDE,MICEXINDEXCF,2017-07-07,0.2908,0.3184
668,FXDE,PHOR,2017-07-07,0.0248,0.0177
669,FXDE,RTSCH,2017-07-07,-0.3846,-0.3998
670,FXDE,RTSEU,2017-07-07,-0.4234,-0.301
671,FXDE,RTSI,2017-07-07,-0.1504,-0.1378
672,FXDE,RTSMM,2017-07-07,-0.151,-0.1241
673,FXDE,RTSSTD,2017-07-07,0.2847,0.2871
674,FXDE,RTSTN,2017-07-07,-0.1525,-0.0673
675,FXDE,SBER,2017-07-07,0.2375,0.125
676,FXGD,GAZP,2017-07-07,0.0572,0.0562
677,FXGD,GMKN,2017-07-07,0.0511,0.0353
678,FXGD,IDVP,2017-07-07,0.1846,0.1177
679,FXGD,LKOH,2017-07-07,-0.0053,-0.0036
680,FXGD,MICEXINDEXCF,2017-07-07,0.1333,0.1717
681,FXGD,PHOR,2017-07-07,0.2583,0.2165
682,FXGD,RTSCH,2017-07-07,-0.0541,-0.0662
683,FXGD,RTSEU,2017-07-07,-0.2494,-0.2085
684,FXGD,RTSI,2017-07-07,-0.1918,-0.2067
685,FXGD,RTSMM,2017-07-07,0.0346,0.0334
686,FXGD,RTSSTD,2017-07-07,0.0847,0.1004
687,FXGD,RTSTN,2017-07-07,-0.1423,-0.0739
688,FXGD,SBER,2017-07-07,0.1264,0.0783
689,FXIT,GAZP,2017-07-07,0.2391,0.25
690,FXIT,GMKN,2017-07-07,0.2292,0.1685
691,FXIT,IDVP,2017-07-07,0.1537,0.1043
692,FXIT,LKOH,2017-07-07,0.0427,0.0307
693,FXIT,MICEXINDEXCF,2017-07-07,0.3004,0.4116
694,FXIT,PHOR,2017-07-07,0.4549,0.4056
695,FXIT,RTSCH,2017-07-07,-0.1826,-0.2375
696,FXIT,RTSEU,2017-07-07,-0.5489,-0.4882
697,FXIT,RTSI,2017-07-07,-0.1978,-0.2267
698,FXIT,RTSMM,2017-07-07,-0.1279,-0.1315
699,FXIT,RTSSTD,2017-07-07,0.2704,0.3411
700,FXIT,RTSTN,2017-07-07,-0.0444,-0.0245
701,FXIT,SBER,2017-07-07,0.2787,0.1835
702,FXJP,GAZP,2017-07-07,0.0293,0.0293
703,FXJP,GMKN,2017-07-07,0.0578,0.0407
704,FXJP,IDVP,2017-07-07,0.3651,0.2375
705,FXJP,LKOH,2017-07-07,0.2094,0.1442
706,FXJP,MICEXINDEXCF,2017-07-07,0.1697,0.2229
707,FXJP,PHOR,2017-07-07,0.2876,0.2459
708,FXJP,RTSCH,2017-07-07,-0.4216,-0.5256
709,FXJP,RTSEU,2017-07-07,-0.5035,-0.4293
710,FXJP,RTSI,2017-07-07,-0.3876,-0.4259
711,FXJP,RTSMM,2017-07-07,-0.4217,-0.4157
712,FXJP,RTSSTD,2017-07-07,0.1545,0.1868
713,FXJP,RTSTN,2017-07-07,-0.2283,-0.1208
714,FXJP,SBER,2017-07-07,0.0984,0.0621
715,FXMM,GAZP,2017-07-07,-0.1101,-0.0026
716,FXMM,GMKN,2017-07-07,0.16,0.0027
717,FXMM,IDVP,2017-07-07,0.3009,0.0046
718,FXMM,LKOH,2017-07-07,-0.0995,-0.0016
719,FXMM,MICEXINDEXCF,2017-07-07,-0.0546,-0.0017
720,FXMM,PHOR,2017-07-07,-0.1521,-0.0031
721,FXMM,RTSCH,2017-07-07,0.2113,0.0062
722,FXMM,RTSEU,2017-07-07,0.2804,0.0057
723,FXMM,RTSI,2017-07-07,0.0438,0.0011
724,FXMM,RTSMM,2017-07-07,0.0436,0.001
725,FXMM,RTSSTD,2017-07-07,-0.0549,-0.0016
726,FXMM,RTSTN,2017-07-07,-0.4,-0.005
727,FXMM,SBER,2017-07-07,0.049,0.0007
728,FXRB,GAZP,2017-07-07,0.0634,0.018
729,FXRB,GMKN,2017-07-07,0.0002,0.0
730,FXRB,IDVP,2017-07-07,0.2781,0.0511
731,FXRB,LKOH,2017-07-07,0.1662,0.0324
732,FXRB,MICEXINDEXCF,2017-07-07,0.0886,0.0329
733,FXRB,PHOR,2017-07-07,-0.4725,-0.1141
734,FXRB,RTSCH,2017-07-07,-0.1907,-0.0672
735,FXRB,RTSEU,2017-07-07,0.1345,0.0324
736,FXRB,RTSI,2017-07-07,0.1556,0.0483
737,FXRB,RTSMM,2017-07-07,0.1302,0.0363
738,FXRB,RTSSTD,2017-07-07,0.1031,0.0352
739,FXRB,RTSTN,2017-07-07,-0.0854,-0.0128
740,FXRB,SBER,2017-07-07,0.0883,0.0157
741,FXRL,GAZP,2017-07-07,0.7639,0.6071
742,FXRL,GMKN,2017-07-07,0.3675,0.2054
743,FXRL,IDVP,2017-07-07,0.0761,0.0392
744,FXRL,LKOH,2017-07-07,0.7009,0.3828
745,FXRL,MICEXINDEXCF,2017-07-07,0.9384,0.9773
746,FXRL,PHOR,2017-07-07,0.333,0.2258
747,FXRL,RTSCH,2017-07-07,0.3818,0.3775
748,FXRL,RTSEU,2017-07-07,0.1278,0.0864
749,FXRL,RTSI,2017-07-07,0.6699,0.5838
750,FXRL,RTSMM,2017-07-07,0.357,0.2791
751,FXRL,RTSSTD,2017-07-07,0.9364,0.8982
752,FXRL,RTSTN,2017-07-07,0.2232,0.0937
753,FXRL,SBER,2017-07-07,0.7031,0.352
754,FXRU,GAZP,2017-07-07,0.1171,0.08
755,FXRU,GMKN,2017-07-07,0.0425,0.0204
756,FXRU,IDVP,2017-07-07,0.0596,0.0264
757,FXRU,LKOH,2017-07-07,-0.0226,-0.0106
758,FXRU,MICEXINDEXCF,2017-07-07,0.0675,0.0604
759,FXRU,PHOR,2017-07-07,0.4151,0.2418
760,FXRU,RTSCH,2017-07-07,-0.4356,-0.3701
761,FXRU,RTSEU,2017-07-07,-0.5896,-0.3426
762,FXRU,RTSI,2017-07-07,-0.5484,-0.4107
763,FXRU,RTSMM,2017-07-07,-0.3754,-0.2522
764,FXRU,RTSSTD,2017-07-07,0.0468,0.0385
765,FXRU,RTSTN,2017-07-07,-0.4289,-0.1547
766,FXRU,SBER,2017-07-07,-0.151,-0.065
767,FXUK,GAZP,2017-07-07,0.1486,0.0944
768,FXUK,GMKN,2017-07-07,0.0018,0.0008
769,FXUK,IDVP,2017-07-07,0.1454,0.0599
770,FXUK,LKOH,2017-07-07,0.3157,0.1378
771,FXUK,MICEXINDEXCF,2017-07-07,0.3327,0.2769
772,FXUK,PHOR,2017-07-07,0.269,0.1457
773,FXUK,RTSCH,2017-07-07,-0.2291,-0.181
774,FXUK,RTSEU,2017-07-07,-0.425,-0.2296
775,FXUK,RTSI,2017-07-07,-0.1253,-0.0873
776,FXUK,RTSMM,2017-07-07,-0.1294,-0.0808
777,FXUK,RTSSTD,2017-07-07,0.3142,0.2409
778,FXUK,RTSTN,2017-07-07,-0.1706,-0.0572
779,FXUK,SBER,2017-07-07,0.2281,0.0913
780,FXUS,GAZP,2017-07-07,0.2808,0.1942
781,FXUS,GMKN,2017-07-07,0.1879,0.0914
782,FXUS,IDVP,2017-07-07,0.3346,0.1503
783,FXUS,LKOH,2017-07-07,0.2085,0.0992
784,FXUS,MICEXINDEXCF,2017-07-07,0.3509,0.3181
785,FXUS,PHOR,2017-07-07,0.4577,0.2701
786,FXUS,RTSCH,2017-07-07,-0.3549,-0.3055
787,FXUS,RTSEU,2017-07-07,-0.5883,-0.3463
788,FXUS,RTSI,2017-07-07,-0.2985,-0.2264
789,FXUS,RTSMM,2017-07-07,-0.3552,-0.2417
790,FXUS,RTSSTD,2017-07-07,0.3395,0.2835
791,FXUS,RTSTN,2017-07-07,-0.3311,-0.121
792,FXUS,SBER,2017-07-07,0.2046,0.0891
793,GAZA,GAZP,2017-07-07,-0.0107,-0.0257
794,GAZA,GMKN,2017-07-07,0.2306,0.3903
795,GAZA,IDVP,2017-07-07,-0.0072,-0.0112
796,GAZA,LKOH,2017-07-07,0.334,0.5524
797,GAZA,MICEXINDEXCF,2017-07-07,0.2516,0.7937
798,GAZA,PHOR,2017-07-07,0.1167,0.2396
799,GAZA,RTSCH,2017-07-07,0.5522,1.6534
800,GAZA,RTSEU,2017-07-07,0.2896,0.593
801,GAZA,RTSI,2017-07-07,0.2735,0.7218
802,GAZA,RTSMM,2017-07-07,0.2721,0.6442
803,GAZA,RTSSTD,2017-07-07,0.2308,0.6703
804,GAZA,RTSTN,2017-07-07,0.0012,0.0015
805,GAZA,SBER,2017-07-07,0.0309,0.0469
806,GAZAP,GAZP,2017-07-07,-0.0011,-0.0018
807,GAZAP,GMKN,2017-07-07,0.2109,0.2397
808,GAZAP,IDVP,2017-07-07,0.0542,0.0569
809,GAZAP,LKOH,2017-07-07,0.1644,0.1827
810,GAZAP,MICEXINDEXCF,2017-07-07,0.2447,0.5184
811,GAZAP,PHOR,2017-07-07,-0.107,-0.1475
812,GAZAP,RTSCH,2017-07-07,-0.1183,-0.2378
813,GAZAP,RTSEU,2017-07-07,-0.1177,-0.1619
814,GAZAP,RTSI,2017-07-07,0.043,0.0762
815,GAZAP,RTSMM,2017-07-07,0.1635,0.2599
816,GAZAP,RTSSTD,2017-07-07,0.2246,0.4381
817,GAZAP,RTSTN,2017-07-07,0.1866,0.1593
818,GAZAP,SBER,2017-07-07,0.0259,0.0264
819,GAZP,GAZP,2017-07-07,1.0,1.0
820,GAZP,GMKN,2017-07-07,0.0905,0.0637
821,GAZP,IDVP,2017-07-07,0.2473,0.1605
822,GAZP,LKOH,2017-07-07,0.4531,0.3115
823,GAZP,MICEXINDEXCF,2017-07-07,0.7843,1.0278
824,GAZP,PHOR,2017-07-07,0.389,0.3318
825,GAZP,RTSCH,2017-07-07,0.1827,0.2273
826,GAZP,RTSEU,2017-07-07,0.0885,0.0753
827,GAZP,RTSI,2017-07-07,0.5359,0.5877
828,GAZP,RTSMM,2017-07-07,0.3462,0.3406
829,GAZP,RTSSTD,2017-07-07,0.7718,0.9316
830,GAZP,RTSTN,2017-07-07,0.0776,0.041
831,GAZP,SBER,2017-07-07,0.6533,0.4115
832,GCHE,GAZP,2017-07-07,0.0635,0.1125
833,GCHE,GMKN,2017-07-07,-0.1768,-0.2204
834,GCHE,IDVP,2017-07-07,-0.1207,-0.1389
835,GCHE,LKOH,2017-07-07,0.3921,0.4776
836,GCHE,MICEXINDEXCF,2017-07-07,0.1102,0.256
837,GCHE,PHOR,2017-07-07,0.098,0.1482
838,GCHE,RTSCH,2017-07-07,-0.4006,-0.8832
839,GCHE,RTSEU,2017-07-07,-0.1947,-0.2935
840,GCHE,RTSI,2017-07-07,-0.1587,-0.3085
841,GCHE,RTSMM,2017-07-07,-0.4036,-0.7035
842,GCHE,RTSSTD,2017-07-07,0.1175,0.2513
843,GCHE,RTSTN,2017-07-07,0.0446,0.0418
844,GCHE,SBER,2017-07-07,-0.119,-0.1328
845,GMKN,GAZP,2017-07-07,0.0905,0.1287
846,GMKN,GMKN,2017-07-07,1.0,1.0
847,GMKN,IDVP,2017-07-07,0.0167,0.0154
848,GMKN,LKOH,2017-07-07,0.2268,0.2217
849,GMKN,MICEXINDEXCF,2017-07-07,0.3941,0.7345
850,GMKN,PHOR,2017-07-07,-0.1033,-0.1253
851,GMKN,RTSCH,2017-07-07,0.2405,0.4254
852,GMKN,RTSEU,2017-07-07,-0.1222,-0.1478
853,GMKN,RTSI,2017-07-07,0.2417,0.3769
854,GMKN,RTSMM,2017-07-07,0.2287,0.32
855,GMKN,RTSSTD,2017-07-07,0.4267,0.7323
856,GMKN,RTSTN,2017-07-07,0.0482,0.0362
857,GMKN,SBER,2017-07-07,0.2524,0.2261
858,GRNT,GAZP,2017-07-07,0.0369,0.1147
859,GRNT,GMKN,2017-07-07,0.0764,0.1671
860,GRNT,IDVP,2017-07-07,-0.043,-0.0867
861,GRNT,LKOH,2017-07-07,0.0025,0.0054
862,GRNT,MICEXINDEXCF,2017-07-07,0.0778,0.3171
863,GRNT,PHOR,2017-07-07,0.1295,0.3437
864,GRNT,RTSCH,2017-07-07,0.0381,0.1473
865,GRNT,RTSEU,2017-07-07,-0.1067,-0.2824
866,GRNT,RTSI,2017-07-07,-0.0319,-0.1089
867,GRNT,RTSMM,2017-07-07,0.2427,0.7425
868,GRNT,RTSSTD,2017-07-07,0.0396,0.1488
869,GRNT,RTSTN,2017-07-07,-0.0631,-0.1037
870,GRNT,SBER,2017-07-07,0.0378,0.0742
871,GTLC,GAZP,2017-07-07,0.235,1.6095
872,GTLC,GMKN,2017-07-07,0.1797,0.8653
873,GTLC,IDVP,2017-07-07,0.0237,0.1053
874,GTLC,LKOH,2017-07-07,-0.2841,-1.3375
875,GTLC,MICEXINDEXCF,2017-07-07,0.1171,1.0513
876,GTLC,PHOR,2017-07-07,0.1492,0.8716
877,GTLC,RTSCH,2017-07-07,-0.0169,-0.1443
878,GTLC,RTSEU,2017-07-07,-0.0896,-0.522
879,GTLC,RTSI,2017-07-07,-0.0417,-0.3133
880,GTLC,RTSMM,2017-07-07,0.0412,0.2778
881,GTLC,RTSSTD,2017-07-07,0.1063,0.8791
882,GTLC,RTSTN,2017-07-07,0.0294,0.1064
883,GTLC,SBER,2017-07-07,0.3188,1.3757
884,HALS,GAZP,2017-07-07,-0.1291,-0.3587
885,HALS,GMKN,2017-07-07,0.0941,0.1839
886,HALS,IDVP,2017-07-07,-0.1185,-0.2138
887,HALS,LKOH,2017-07-07,0.136,0.2598
888,HALS,MICEXINDEXCF,2017-07-07,-0.0958,-0.3487
889,HALS,PHOR,2017-07-07,-0.3433,-0.8137
890,HALS,RTSCH,2017-07-07,0.0929,0.321
891,HALS,RTSEU,2017-07-07,0.2285,0.5402
892,HALS,RTSI,2017-07-07,0.2475,0.7541
893,HALS,RTSMM,2017-07-07,0.0316,0.0864
894,HALS,RTSSTD,2017-07-07,-0.0872,-0.2924
895,HALS,RTSTN,2017-07-07,0.3545,0.5203
896,HALS,SBER,2017-07-07,-0.1038,-0.1817
897,HIMCP,GAZP,2017-07-07,0.0209,0.0418
898,HIMCP,GMKN,2017-07-07,0.2381,0.3346
899,HIMCP,IDVP,2017-07-07,-0.1115,-0.1446
900,HIMCP,LKOH,2017-07-07,-0.1427,-0.196
901,HIMCP,MICEXINDEXCF,2017-07-07,0.0446,0.1167
902,HIMCP,PHOR,2017-07-07,0.3728,0.6353
903,HIMCP,RTSCH,2017-07-07,0.3809,0.9468
904,HIMCP,RTSEU,2017-07-07,-0.0027,-0.0046
905,HIMCP,RTSI,2017-07-07,-0.0646,-0.1416
906,HIMCP,RTSMM,2017-07-07,0.2393,0.4703
907,HIMCP,RTSSTD,2017-07-07,-0.0093,-0.0225
908,HIMCP,RTSTN,2017-07-07,-0.0678,-0.0715
909,HIMCP,SBER,2017-07-07,-0.0705,-0.0887
910,HYDR,GAZP,2017-07-07,-0.0696,-0.1501
911,HYDR,GMKN,2017-07-07,-0.0509,-0.0771
912,HYDR,IDVP,2017-07-07,-0.0637,-0.0892
913,HYDR,LKOH,2017-07-07,0.2718,0.4028
914,HYDR,MICEXINDEXCF,2017-07-07,0.1,0.2825
915,HYDR,PHOR,2017-07-07,-0.1635,-0.3007
916,HYDR,RTSCH,2017-07-07,0.5125,1.3748
917,HYDR,RTSEU,2017-07-07,0.7185,1.318
918,HYDR,RTSI,2017-07-07,0.4148,0.9807
919,HYDR,RTSMM,2017-07-07,0.2249,0.4771
920,HYDR,RTSSTD,2017-07-07,0.0865,0.2252
921,HYDR,RTSTN,2017-07-07,0.193,0.2197
922,HYDR,SBER,2017-07-07,0.1109,0.1506
923,IDVP,GAZP,2017-07-07,0.2473,0.3809
924,IDVP,GMKN,2017-07-07,0.0167,0.018
925,IDVP,IDVP,2017-07-07,1.0,1.0
926,IDVP,LKOH,2017-07-07,0.1232,0.1305
927,IDVP,MICEXINDEXCF,2017-07-07,0.1283,0.2589
928,IDVP,PHOR,2017-07-07,-0.0441,-0.058
929,IDVP,RTSCH,2017-07-07,-0.1424,-0.2729
930,IDVP,RTSEU,2017-07-07,-0.0906,-0.1187
931,IDVP,RTSI,2017-07-07,0.0055,0.0092
932,IDVP,RTSMM,2017-07-07,-0.0844,-0.1278
933,IDVP,RTSSTD,2017-07-07,0.1428,0.2656
934,IDVP,RTSTN,2017-07-07,-0.2615,-0.2128
935,IDVP,SBER,2017-07-07,0.268,0.26
936,IGST,GAZP,2017-07-07,0.5998,2.4409
937,IGST,GMKN,2017-07-07,0.1289,0.3689
938,IGST,IDVP,2017-07-07,0.0858,0.2267
939,IGST,LKOH,2017-07-07,0.3436,0.9611
940,IGST,MICEXINDEXCF,2017-07-07,0.4601,2.4538
941,IGST,PHOR,2017-07-07,0.4918,1.7069
942,IGST,RTSCH,2017-07-07,-0.0093,-0.0471
943,IGST,RTSEU,2017-07-07,-0.2337,-0.8093
944,IGST,RTSI,2017-07-07,0.1766,0.7882
945,IGST,RTSMM,2017-07-07,0.0992,0.3971
946,IGST,RTSSTD,2017-07-07,0.4401,2.1616
947,IGST,RTSTN,2017-07-07,0.1519,0.3265
948,IGST,SBER,2017-07-07,0.3014,0.7726
949,IGSTP,GAZP,2017-07-07,0.0312,0.0617
950,IGSTP,GMKN,2017-07-07,0.0234,0.0325
951,IGSTP,IDVP,2017-07-07,-0.2609,-0.3345
952,IGSTP,LKOH,2017-07-07,-0.0955,-0.1296
953,IGSTP,MICEXINDEXCF,2017-07-07,-0.0423,-0.1095
954,IGSTP,PHOR,2017-07-07,0.0752,0.1266
955,IGSTP,RTSCH,2017-07-07,-0.038,-0.0934
956,IGSTP,RTSEU,2017-07-07,-0.1348,-0.2265
957,IGSTP,RTSI,2017-07-07,0.0594,0.1287
958,IGSTP,RTSMM,2017-07-07,0.0232,0.0451
959,IGSTP,RTSSTD,2017-07-07,-0.0487,-0.1162
960,IGSTP,RTSTN,2017-07-07,0.3085,0.3218
961,IGSTP,SBER,2017-07-07,0.0311,0.0387
962,IRAO,GAZP,2017-07-07,0.1178,0.228
963,IRAO,GMKN,2017-07-07,-0.1709,-0.2326
964,IRAO,IDVP,2017-07-07,-0.1023,-0.1286
965,IRAO,LKOH,2017-07-07,0.0311,0.0414
966,IRAO,MICEXINDEXCF,2017-07-07,-0.034,-0.0863
967,IRAO,PHOR,2017-07-07,0.2184,0.3606
968,IRAO,RTSCH,2017-07-07,0.0891,0.2147
969,IRAO,RTSEU,2017-07-07,0.3712,0.6113
970,IRAO,RTSI,2017-07-07,-0.0506,-0.1073
971,IRAO,RTSMM,2017-07-07,0.0027,0.0051
972,IRAO,RTSSTD,2017-07-07,-0.0723,-0.1688
973,IRAO,RTSTN,2017-07-07,-0.051,-0.0522
974,IRAO,SBER,2017-07-07,-0.3143,-0.3832
975,IRGZ,GAZP,2017-07-07,0.2578,0.558
976,IRGZ,GMKN,2017-07-07,-0.2851,-0.4338
977,IRGZ,IDVP,2017-07-07,-0.0154,-0.0216
978,IRGZ,LKOH,2017-07-07,0.0055,0.0082
979,IRGZ,MICEXINDEXCF,2017-07-07,0.0923,0.2618
980,IRGZ,PHOR,2017-07-07,0.1905,0.3517
981,IRGZ,RTSCH,2017-07-07,0.1302,0.3505
982,IRGZ,RTSEU,2017-07-07,0.1222,0.225
983,IRGZ,RTSI,2017-07-07,0.1204,0.2858
984,IRGZ,RTSMM,2017-07-07,-0.0186,-0.0397
985,IRGZ,RTSSTD,2017-07-07,0.0893,0.2333
986,IRGZ,RTSTN,2017-07-07,-0.0977,-0.1116
987,IRGZ,SBER,2017-07-07,0.2517,0.3432
988,IRKT,GAZP,2017-07-07,0.2472,0.2838
989,IRKT,GMKN,2017-07-07,0.0621,0.0501
990,IRKT,IDVP,2017-07-07,0.162,0.1208
991,IRKT,LKOH,2017-07-07,0.2227,0.1758
992,IRKT,MICEXINDEXCF,2017-07-07,0.3822,0.5752
993,IRKT,PHOR,2017-07-07,0.0423,0.0415
994,IRKT,RTSCH,2017-07-07,0.174,0.2485
995,IRKT,RTSEU,2017-07-07,0.0249,0.0244
996,IRKT,RTSI,2017-07-07,0.4461,0.5618
997,IRKT,RTSMM,2017-07-07,0.4159,0.4697
998,IRKT,RTSSTD,2017-07-07,0.3725,0.5162
999,IRKT,RTSTN,2017-07-07,0.3243,0.1967
